55.34171545742412,88.4,92.4,2.5,1
60.73300716374901,39.900000000000006,94.40000000000003,2.5,1
105.99253869882136,39.900000000000006,94.40000000000003,2.5,0
218.55946883064644,44.900000000000006,81.40000000000003,1.0,1
210.3995690353954,46.900000000000006,77.40000000000003,1.0,1
131.99287068420136,51.900000000000006,64.40000000000003,2.5,1
92.63719492380186,54.400000000000006,51.400000000000034,2.5,1
64.05965188151526,59.400000000000006,51.400000000000034,2.5,0
64.05965188151526,59.400000000000006,38.400000000000034,2.5,1
64.48925974608352,57.900000000000006,27.400000000000034,2.5,1
70.57422387834677,55.400000000000006,27.400000000000034,2.5,0
80.02670181145234,62.900000000000006,14.400000000000034,2.5,1
151.61895467564545,57.400000000000006,5.400000000000034,2.5,1
121.51168435933081,54.900000000000006,5.400000000000034,2.5,0
106.37057650475417,62.400000000000006,0.0,2.5,1
114.63851253211212,105.0,87.0,2.5,1
224.25541550306207,101.5,87.0,1.0,0
219.90023097255926,104.5,82.0,1.0,1
291.9142757252379,102.5,81.0,1.0,1
309.5556959206502,96.5,81.0,1.0,0
309.5556959206502,99.5,77.0,1.0,1
288.2295487059094,98.5,77.0,1.0,0
229.63693058232252,97.5,77.0,1.0,0
217.96161691956902,99.5,73.0,1.0,1
188.59695353860954,99.5,69.0,2.5,1
172.31485026741316,98.0,58.0,2.5,1
179.42242786976496,89.0,60.0,2.5,0
179.42242786976496,96.5,47.0,2.5,1
186.258979978634,91.5,47.0,2.5,0
186.25897997863416,99.0,34.0,2.5,1
192.8533318941661,101.5,21.0,2.5,1
192.85333189416613,101.5,21.0,2.5,0
199.22953501597416,96.5,21.0,2.5,0
199.22953501597397,104.0,8.0,2.5,1
205.4079054532256,103.5,4.0,1.0,1
205.410339619702,102.5,4.0,1.0,0
211.40578899992622,104.5,0.0,1.0,1
211.40578899992622,104.5,3.0,1.0,0
211.40578899992622,100.5,3.0,1.0,0
60.79865074213275,105.0,87.0,2.5,1
59.725781926443084,110.0,74.0,2.5,1
246.85013804678084,106.5,74.0,1.0,0
242.28302506887258,108.5,70.0,1.0,1
195.94743868047522,109.0,66.0,2.5,1
77.85085218201698,114.0,53.0,2.5,1
65.21365962146372,119.0,40.0,2.5,1
83.01570749769253,119.0,40.0,2.5,0
192.38144998443192,124.0,27.0,2.5,1
219.80738198722207,125.0,23.0,1.0,1
224.15941583644508,123.0,23.0,1.0,0
224.165714654947,126.0,19.0,1.0,1
228.46452311036902,124.0,19.0,1.0,0
232.1111864724207,127.0,14.0,1.0,1
160.43180632299513,123.5,13.0,2.5,0
153.91309177168918,127.0,3.0,2.5,1
109.9097587759996,124.5,3.0,2.5,0
73.94794517690708,129.5,0.0,2.5,1
73.94794517690708,129.5,3.0,2.5,0
161.29218928344372,101.0,89.0,2.5,1
120.43864870626281,103.5,76.0,2.5,1
101.54247588833627,101.0,76.0,2.5,0
73.8893946009828,108.5,63.0,2.5,1
62.81631989322341,76.70000000000005,57.20000000000003,2.5,1
102.12254170538985,81.70000000000005,44.20000000000003,2.5,1
201.21087177010904,81.20000000000005,39.20000000000003,1.0,1
192.83817256600682,78.70000000000005,39.20000000000003,2.5,0
139.29366678843166,86.20000000000005,26.20000000000003,2.5,1
72.42069410422404,91.20000000000005,13.200000000000031,2.5,1
69.47157154369528,96.20000000000005,0.20000000000003126,2.5,1
112.19608385493481,101.20000000000005,0.0,2.5,1
419.70253619684024,100.0,96.0,1.0,1
379.72168393751673,102.0,92.0,1.0,1
285.9478199791055,101.0,92.0,1.0,0
271.30381778136217,100.0,92.0,1.0,0
275.85975724327255,103.0,88.0,1.0,1
293.6367998448981,102.0,88.0,1.0,0
290.14263019758897,101.0,88.0,1.0,0
290.8239049959966,103.0,83.0,1.0,1
264.18994022339984,102.0,83.0,1.0,0
217.57365978759802,101.0,82.0,1.0,0
208.76891412939267,100.0,81.0,1.0,1
170.12518093013136,102.0,77.0,2.5,1
167.2748224395274,97.0,77.0,2.5,0
199.1742567695456,104.5,64.0,2.5,1
205.01511090380018,106.5,60.0,1.0,1
219.8268391154786,104.5,60.0,1.0,0
220.50104772991992,107.5,56.0,1.0,1
226.2065995138822,105.5,56.0,1.0,0
225.9941165124183,108.5,52.0,1.0,1
230.14270033616438,106.5,52.0,1.0,0
230.739913130167,109.5,47.0,1.0,1
188.79637775121353,106.0,47.0,2.5,0
163.93751809371904,113.5,33.0,2.5,1
86.20869627825357,108.5,33.0,2.5,0
74.93960676350251,116.0,20.0,2.5,1
108.72360105809753,118.5,20.0,2.5,0
108.72360105809753,118.5,7.0,2.5,1
119.93782963340678,121.0,0.0,2.5,1
119.93782963340678,121.0,7.0,2.5,0
419.990707983341,100.0,95.0,1.0,1
403.3362532556445,102.0,91.0,1.0,1
362.0510249399241,105.0,87.0,1.0,1
298.08649643372587,103.0,87.0,1.0,0
262.86319634465616,103.0,87.0,1.0,0
239.4415804376799,105.0,83.0,1.0,1
183.9421041398799,105.5,79.0,2.5,1
124.00321806714149,113.0,66.0,2.5,1
139.1940719061366,105.0,66.0,2.5,0
139.1940719061366,112.5,53.0,2.5,1
147.90195960098285,115.0,40.0,2.5,1
148.66065267518087,112.5,40.0,2.5,0
156.12491682563282,117.5,27.0,2.5,1
156.24016658276702,115.0,27.0,2.5,0
163.9359315519658,120.0,14.0,2.5,1
164.24064555952899,117.5,14.0,2.5,0
171.39133482708758,122.5,1.0,2.5,1
171.39425210260362,120.0,1.0,2.5,0
178.53568173844363,121.0,0.0,2.5,1
178.53568173844363,121.0,3.0,2.5,0
204.54060867985623,101.0,95.0,1.0,1
190.3105343747009,100.0,94.0,2.5,1
149.38587878467536,95.0,94.0,2.5,0
137.31758833512833,92.5,94.0,2.5,0
131.586465670559,97.0,81.0,2.5,1
129.9843288847664,102.0,68.0,2.5,1
126.58092147167584,107.0,55.0,2.5,1
133.3162557918111,102.0,55.0,2.5,0
133.3162557918111,109.5,42.0,2.5,1
142.38407234781428,112.0,29.0,2.5,1
142.38407234781428,112.0,29.0,2.5,0
150.9079986559613,107.0,29.0,2.5,0
150.9079986559613,114.5,16.0,2.5,1
158.97554547271608,117.0,3.0,2.5,1
158.97554547271608,117.0,3.0,2.5,0
166.65300494844843,112.0,3.0,2.5,0
166.65300494844843,119.5,0.0,2.5,1
241.96213922306583,101.0,95.0,1.0,1
182.00125853231725,103.0,91.0,2.5,1
117.36776747180973,105.5,78.0,2.5,1
74.14028476058017,110.5,78.0,2.5,0
74.14028476058017,110.5,65.0,2.5,1
60.27551549698484,98.30000000000001,56.80000000000001,2.5,1
102.82689842062113,103.30000000000001,43.80000000000001,2.5,1
138.62666275972867,104.30000000000001,32.80000000000001,2.5,1
92.18062402725035,109.30000000000001,19.80000000000001,2.5,1
62.83515752596944,95.30000000000004,9.800000000000004,2.5,1
172.10374433127603,100.30000000000004,0.0,2.5,1
321.55378323242894,101.0,96.0,1.0,1
184.3037757800447,99.0,96.0,2.5,0
180.43683537609675,102.0,92.0,2.5,1
156.66651939401268,99.5,92.0,2.5,0
126.28516772655149,104.5,78.0,2.5,1
102.40578921746561,98.0,81.0,2.5,0
98.80530286782425,105.5,68.0,2.5,1
144.79531125664423,108.0,55.0,2.5,1
142.72805713669646,105.5,55.0,2.5,0
130.8513423632623,113.0,42.0,2.5,1
73.82916695845796,118.0,29.0,2.5,1
144.99924777664774,123.0,16.0,2.5,1
154.49211120849506,128.0,3.0,2.5,1
119.5480156491036,133.0,0.0,2.5,1
243.58190874112793,101.0,95.0,1.0,1
208.54898141392906,99.0,94.0,1.0,1
152.40175596106576,96.5,94.0,2.5,0
133.25517607531393,104.0,81.0,2.5,1
82.17696980058504,109.0,68.0,2.5,1
52.93110038883307,7.600000000000067,58.600000000000236,2.5,1
63.854921312755124,12.600000000000067,45.600000000000236,2.5,1
190.64963244540846,12.100000000000067,41.600000000000236,2.5,1
195.30639595257298,9.600000000000067,41.600000000000236,2.5,0
199.8702680004023,14.600000000000067,28.600000000000236,2.5,1
202.91031312318697,13.600000000000067,28.600000000000236,1.0,0
206.1547140833987,15.600000000000067,24.600000000000236,1.0,1
205.83408170300595,14.600000000000067,24.600000000000236,1.0,0
211.5136455160024,16.600000000000065,20.600000000000236,1.0,1
211.86682665839632,15.600000000000065,20.600000000000236,1.0,0
217.29452114652466,17.600000000000065,16.600000000000236,1.0,1
217.29605398260108,16.600000000000065,16.600000000000236,1.0,0
226.72597685561158,18.600000000000065,11.600000000000236,1.0,1
225.3285925425619,17.600000000000065,11.600000000000236,1.0,0
154.13031436009908,18.600000000000065,13.600000000000236,2.5,0
154.13031436009908,18.600000000000065,0.6000000000002359,2.5,1
75.6427326450726,21.100000000000065,0.0,2.5,1
75.6427326450726,21.100000000000065,0.6000000000002359,2.5,0
310.1260658871193,98.0,100.0,1.0,0
352.9116438404769,97.0,100.0,1.0,0
451.4847054828728,96.0,100.0,1.0,0
445.94276906643734,98.0,96.0,1.0,1
446.7739218188464,100.0,92.0,1.0,1
437.56249886951025,102.0,87.0,1.0,1
393.4143814980202,104.0,82.0,1.0,1
366.4847426869662,106.0,77.0,1.0,1
348.253020933286,104.0,76.0,1.0,1
305.0673935120424,106.0,72.0,1.0,1
262.0069616659963,108.0,68.0,1.0,1
237.40911961118655,110.0,63.0,1.0,1
209.73473859026652,113.0,59.0,1.0,1
183.80957338179755,115.0,53.0,2.5,1
134.7861711273079,110.0,46.0,2.5,1
106.17743529995278,112.0,33.0,2.5,1
106.17743529995278,117.0,20.0,2.5,1
106.17743529995278,112.0,11.0,2.5,1
106.17743529995278,113.0,0.0,2.5,1
213.58709421327526,99.0,96.0,1.0,1
122.18907335848023,104.0,83.0,2.5,1
63.318336787254765,109.0,70.0,2.5,1
54.71822323381627,75.45000000000005,64.20000000000005,2.5,1
52.67060404125633,70.45000000000005,55.200000000000045,2.5,1
91.8877357068767,65.45000000000005,46.200000000000045,2.5,1
165.92097918726117,70.45000000000005,33.200000000000045,2.5,1
177.8480374311803,72.45000000000005,20.200000000000045,2.5,1
177.8480374311803,77.45000000000005,7.2000000000000455,2.5,1
177.8480374311803,82.45000000000005,0.0,2.5,1
175.594650315352,96.5,100.0,2.5,0
173.7456841663505,94.0,100.0,2.5,0
268.83814666965696,94.0,100.0,1.0,0
442.51290879737365,92.0,100.0,1.0,0
442.6831010394764,94.0,96.0,1.0,1
443.0213366201775,96.0,92.0,1.0,1
443.51375920637645,98.0,87.0,1.0,1
398.7573524855484,100.0,82.0,1.0,1
347.5992672057216,102.0,78.0,1.0,1
315.02886571499596,104.0,73.0,1.0,1
295.02284246894214,106.0,68.0,1.0,1
248.09401004857665,104.0,67.0,1.0,1
218.8038873920258,106.0,63.0,1.0,1
226.17677376916848,109.0,59.0,1.0,1
225.51104877949552,111.0,55.0,1.0,1
223.3463188210076,113.0,50.0,1.0,1
184.46655034610484,115.0,46.0,2.5,1
130.6492403376609,120.0,33.0,2.5,1
124.15048640785929,122.0,18.0,2.5,1
124.15048640785929,117.0,9.0,2.5,1
124.15048640785929,112.0,0.0,2.5,1
314.8844000397483,97.0,100.0,1.0,0
333.0130192562831,97.0,100.0,1.0,0
367.22865998790985,96.0,100.0,1.0,0
462.0886973988066,95.0,100.0,1.0,0
625.9827934669968,94.0,100.0,1.0,0
625.448015053679,92.0,100.0,1.0,0
626.6788758576369,94.0,95.0,1.0,1
578.437113309898,96.0,91.0,1.0,1
527.0040581884875,98.0,87.0,1.0,1
504.28054124996373,100.0,82.0,1.0,1
480.4207543430423,102.0,77.0,1.0,1
448.9608907594346,100.0,76.0,1.0,1
416.22736363023915,102.0,71.0,1.0,1
384.3759183379367,104.0,66.0,1.0,1
345.0382633622558,107.0,62.0,1.0,1
302.82586049449674,109.0,57.0,1.0,1
288.5434473237511,111.0,53.0,1.0,1
245.5417396733261,109.0,52.0,1.0,1
202.73396112452428,111.0,48.0,1.0,1
175.5063397388551,111.0,44.0,2.5,1
175.5063397388551,116.0,29.0,2.5,1
175.5063397388551,111.0,20.0,2.5,1
175.5063397388551,106.0,11.0,2.5,1
175.5063397388551,101.0,2.0,2.5,1
175.5063397388551,96.0,0.0,2.5,1
325.2947775332532,103.0,87.0,1.0,1
292.23604599613157,103.0,87.0,1.0,0
306.0191985792385,102.0,87.0,1.0,0
344.0835712599427,101.0,87.0,1.0,0
349.0192857704286,100.0,87.0,1.0,0
344.8645607284427,102.0,83.0,1.0,1
346.9456758465705,104.0,78.0,1.0,1
311.8504386957447,106.0,73.0,1.0,1
290.6922263251816,108.0,69.0,1.0,1
250.56754844762443,106.0,68.0,1.0,1
258.17254451697227,108.0,64.0,1.0,1
256.26204775266996,110.0,60.0,1.0,1
256.26660716938085,112.0,56.0,1.0,1
258.055679241095,114.0,51.0,1.0,1
219.38823372152626,116.0,47.0,1.0,1
198.36533992007654,119.0,42.0,2.5,1
123.54282820939198,121.5,27.0,2.5,1
107.48121706937877,123.5,12.0,2.5,1
107.48121706937877,128.5,0.0,2.5,1
479.20621421092636,97.0,100.0,1.0,0
599.6152095593027,96.0,100.0,1.0,0
673.9393747814682,94.0,100.0,1.0,0
609.5326403120664,93.0,100.0,1.0,0
636.3876913597724,92.0,100.0,1.0,0
659.8127383550236,91.0,100.0,1.0,0
702.9523630295787,91.0,100.0,1.0,0
751.4238415136189,90.0,100.0,1.0,0
802.0698060147764,88.0,100.0,1.0,0
802.0854222935421,87.0,99.0,1.0,0
767.3868930634678,86.0,99.0,1.0,0
715.8089153786195,88.0,95.0,1.0,1
664.262593061329,90.0,91.0,1.0,1
630.9361240485832,92.0,86.0,1.0,1
599.4045145287965,94.0,82.0,1.0,1
559.8201809066328,96.0,78.0,1.0,1
541.3752955911546,99.0,73.0,1.0,1
502.9734870091853,101.0,69.0,1.0,1
463.4724973106594,103.0,65.0,1.0,1
416.1309758690842,105.0,61.0,1.0,1
403.8986765088499,104.0,57.0,1.0,1
403.8986765088499,107.0,53.0,1.0,1
403.8986765088499,109.0,48.0,1.0,1
403.8986765088499,111.0,43.0,1.0,1
403.8986765088499,109.0,41.0,1.0,1
403.8986765088499,107.0,39.0,1.0,1
403.8986765088499,105.0,38.0,1.0,1
403.8986765088499,103.0,36.0,1.0,1
403.8986765088499,101.0,34.0,1.0,1
403.8986765088499,99.0,32.0,1.0,1
403.8986765088499,101.0,27.0,1.0,1
403.8986765088499,99.0,25.0,1.0,1
403.8986765088499,97.0,23.0,1.0,1
403.8986765088499,95.0,21.0,1.0,1
403.8986765088499,93.0,20.0,1.0,1
403.8986765088499,91.0,18.0,1.0,1
403.8986765088499,89.0,16.0,1.0,1
403.8986765088499,87.0,11.0,1.0,1
403.8986765088499,89.0,9.0,1.0,1
403.8986765088499,87.0,7.0,1.0,1
403.8986765088499,85.0,5.0,1.0,1
403.8986765088499,83.0,4.0,1.0,1
403.8986765088499,81.0,2.0,1.0,1
403.8986765088499,79.0,0.0,1.0,1
403.8986765088499,75.0,4.0,1.0,0
594.0714165760694,96.0,100.0,1.0,0
594.0477065180323,99.0,96.0,1.0,1
594.3845842635653,101.0,92.0,1.0,1
594.3879500104762,103.0,88.0,1.0,1
584.5519844179246,105.0,83.0,1.0,1
558.0462521121082,107.0,78.0,1.0,1
514.0043701518167,105.0,77.0,1.0,1
526.087608936349,107.0,73.0,1.0,1
523.4895380353541,109.0,69.0,1.0,1
523.2178501735655,111.0,65.0,1.0,1
521.8761221712014,113.0,60.0,1.0,1
502.3991024656932,115.0,55.0,1.0,1
451.05696696666433,117.0,51.0,1.0,1
424.41620069569024,119.0,46.0,1.0,1
401.0515228781596,122.0,41.0,1.0,1
369.21116481538394,120.0,40.0,1.0,1
325.9760757301417,122.0,36.0,1.0,1
286.7656914838669,124.0,31.0,1.0,1
243.77074220363076,126.0,27.0,1.0,1
204.85312468929038,125.0,23.0,1.0,1
201.5069901083404,128.0,19.0,1.0,1
201.5069901083404,130.0,15.0,1.0,1
201.5069901083404,132.0,10.0,1.0,1
201.5069901083404,130.0,8.0,1.0,1
201.5069901083404,128.0,7.0,1.0,1
201.5069901083404,126.0,5.0,1.0,1
201.5069901083404,128.0,0.0,1.0,1
832.6439202689457,96.0,100.0,1.0,0
883.9153428160207,95.0,100.0,1.0,0
899.1211221178471,94.0,100.0,1.0,0
902.332666462664,93.0,99.0,1.0,0
851.0032277498059,92.0,99.0,1.0,0
799.3823642570584,94.0,95.0,1.0,1
747.7868779644306,96.0,91.0,1.0,1
714.4252340295093,98.0,86.0,1.0,1
682.8673161575343,100.0,82.0,1.0,1
661.4221611575723,102.0,77.0,1.0,1
629.8801462749963,100.0,76.0,1.0,1
612.0746432195111,102.0,72.0,1.0,1
569.0139826519423,101.0,71.0,1.0,1
525.4984166587302,103.0,67.0,1.0,1
484.78458731030844,105.0,62.0,1.0,1
468.68300214555666,107.0,58.0,1.0,1
429.22032341887655,109.0,53.0,1.0,1
381.93476556708003,111.0,49.0,1.0,1
342.6016033518217,114.0,45.0,1.0,1
338.4549553717025,113.0,41.0,1.0,1
338.4549553717025,115.0,37.0,1.0,1
338.4549553717025,117.0,33.0,1.0,1
338.4549553717025,119.0,28.0,1.0,1
338.4549553717025,117.0,26.0,1.0,1
338.4549553717025,115.0,24.0,1.0,1
338.4549553717025,113.0,22.0,1.0,1
338.4549553717025,115.0,17.0,1.0,1
338.4549553717025,113.0,15.0,1.0,1
338.4549553717025,111.0,14.0,1.0,1
338.4549553717025,109.0,12.0,1.0,1
338.4549553717025,107.0,10.0,1.0,1
338.4549553717025,105.0,8.0,1.0,1
338.4549553717025,103.0,6.0,1.0,1
338.4549553717025,101.0,4.0,1.0,1
338.4549553717025,103.0,0.0,1.0,1
338.4549553717025,99.0,3.0,1.0,0
695.5565300179456,97.0,100.0,1.0,0
682.4575344918915,95.0,100.0,1.0,0
601.2393812243673,94.0,100.0,1.0,0
550.1523813718852,93.0,100.0,1.0,0
487.28301858955035,92.0,100.0,1.0,0
467.50230178121075,92.0,100.0,1.0,0
466.30713443752387,91.0,100.0,1.0,0
480.12280762579786,90.0,100.0,1.0,0
506.92161073684247,89.0,100.0,1.0,0
455.57325948392133,88.0,100.0,1.0,0
403.29204180508344,90.0,96.0,1.0,1
420.00216326055,92.0,91.0,1.0,1
434.00702526971946,95.0,87.0,1.0,1
416.6009572798135,97.0,82.0,1.0,1
362.44142981594,99.0,78.0,1.0,1
373.07539287775023,101.0,74.0,1.0,1
365.900773998985,103.0,70.0,1.0,1
369.3600599900175,105.0,66.0,1.0,1
368.6053134312763,107.0,61.0,1.0,1
324.88625065623864,109.0,57.0,1.0,1
302.2647999092087,111.0,52.0,1.0,1
264.56285995548325,109.0,51.0,1.0,1
248.07103772817032,111.0,47.0,1.0,1
250.74144911234777,113.0,43.0,1.0,1
251.92316192839078,115.0,39.0,1.0,1
255.6275697000441,117.0,34.0,1.0,1
227.12210033285618,119.0,30.0,1.0,1
180.5555130168109,122.0,26.0,2.5,1
136.74646683598877,121.5,9.0,2.5,1
136.74646683598877,116.5,0.0,2.5,1
275.9582891264665,97.0,100.0,1.0,0
260.4968463790382,97.0,100.0,1.0,0
265.7492529678197,96.0,100.0,1.0,0
300.0953939529513,95.0,100.0,1.0,0
394.6298691650948,94.0,100.0,1.0,0
406.28229417943595,96.0,96.0,1.0,1
406.579264958118,98.0,92.0,1.0,1
407.1070233757764,100.0,87.0,1.0,1
362.7457145084889,102.0,83.0,1.0,1
337.62152349237726,104.0,78.0,1.0,1
319.2801991610446,102.0,76.0,1.0,1
281.16677856969847,104.0,72.0,1.0,1
234.29618223813972,106.0,68.0,1.0,1
202.09101258044245,108.0,63.0,1.0,1
182.1626833602416,107.0,62.0,2.5,1
148.204911189414,112.0,47.0,2.5,1
117.97477989119771,117.0,32.0,2.5,1
83.68552304945781,122.0,19.0,2.5,1
67.83632612734704,117.0,10.0,2.5,1
65.44826249325126,119.0,0.0,2.5,1
251.53128378443185,96.5,97.0,1.0,0
168.709340946473,95.5,97.0,2.5,0
159.1493431380172,93.0,97.0,2.5,0
290.43177064555334,89.5,97.0,1.0,0
191.6300254876399,87.5,97.0,2.5,0
68.23873182853168,81.0,96.0,2.5,0
54.80623232841715,88.5,86.0,2.5,1
37.171243708049026,87.30000000000001,84.80000000000001,2.5,0
45.88323183135764,87.30000000000001,84.80000000000001,2.5,0
68.57442049387328,92.30000000000001,71.80000000000001,2.5,1
186.97163851288397,92.30000000000001,57.80000000000001,2.5,1
222.61821427725727,92.30000000000001,57.80000000000001,1.0,0
307.6520235184969,90.30000000000001,57.80000000000001,1.0,0
307.1110825750432,90.30000000000001,57.80000000000001,1.0,0
344.1137547270596,88.30000000000001,57.80000000000001,1.0,0
355.8283387097995,87.30000000000001,54.80000000000001,1.0,0
359.03037480175925,87.30000000000001,54.80000000000001,1.0,0
359.4403060846227,86.30000000000001,54.80000000000001,1.0,0
253.32152310736518,85.30000000000001,53.80000000000001,1.0,0
128.32955965656512,81.80000000000001,53.80000000000001,2.5,0
439.8155551526315,77.30000000000001,53.80000000000001,1.0,0
461.2766118089228,77.30000000000001,53.80000000000001,1.0,0
428.0645004944549,76.30000000000001,50.80000000000001,1.0,0
379.3741708178915,75.30000000000001,48.80000000000001,1.0,0
350.1171652038788,78.30000000000001,44.80000000000001,1.0,1
176.0762648898373,77.30000000000001,44.80000000000001,2.5,0
57.28917365742385,70.80000000000001,46.80000000000001,2.5,0
128.01975000320374,65.20000000000002,46.20000000000001,2.5,0
216.2766810377165,65.20000000000002,46.20000000000001,1.0,0
284.4944430828449,64.20000000000002,46.20000000000001,1.0,0
346.25197378345445,60.20000000000002,46.20000000000001,1.0,0
379.78766666858417,59.20000000000002,46.20000000000001,1.0,0
339.02499319854076,58.20000000000002,46.20000000000001,1.0,0
310.91396226517435,56.20000000000002,46.20000000000001,1.0,0
330.3739346573584,54.20000000000002,46.20000000000001,1.0,0
306.6518070832683,50.20000000000002,46.20000000000001,1.0,0
386.16741816667036,49.20000000000002,46.20000000000001,1.0,0
445.3607012178834,49.20000000000002,46.20000000000001,1.0,0
463.71063836993653,51.20000000000002,42.20000000000001,1.0,1
505.5408694476087,50.20000000000002,42.20000000000001,1.0,0
466.19519271529157,49.20000000000002,42.20000000000001,1.0,0
407.79139079580034,48.20000000000002,42.20000000000001,1.0,0
459.6107215488183,47.20000000000002,42.20000000000001,1.0,0
464.7449238497094,45.20000000000002,39.20000000000001,1.0,0
454.64688393262173,48.20000000000002,35.20000000000001,1.0,1
340.69049253611706,47.20000000000002,35.20000000000001,1.0,0
340.69049253611706,50.20000000000002,31.20000000000001,1.0,1
310.5765633297638,48.20000000000002,31.20000000000001,1.0,0
280.00339526631507,47.20000000000002,30.20000000000001,1.0,0
206.45580167586272,47.20000000000002,30.20000000000001,1.0,0
97.2966871997659,44.70000000000002,29.20000000000001,2.5,0
51.433472293004655,35.20000000000001,29.200000000000003,2.5,0
52.707009900735294,42.70000000000001,16.200000000000003,2.5,1
196.6369274005694,33.70000000000001,18.200000000000003,2.5,0
181.01523619026258,31.20000000000001,12.200000000000003,2.5,0
136.24419811287873,38.70000000000001,0.0,2.5,1
124.57150417989308,100.4,88.4,2.5,1
283.0316396294351,95.9,84.4,1.0,0
281.42201166521465,91.9,84.4,1.0,0
280.4977411455753,90.9,87.4,1.0,0
264.44220922885927,89.9,84.4,1.0,0
234.85331767283762,88.9,82.9,1.0,0
167.98441613964144,86.4,82.9,2.5,0
236.9739960452791,82.9,82.9,1.0,0
358.7710592097512,80.9,81.9,1.0,0
341.8501155948992,79.9,81.9,1.0,0
321.3100591990672,79.9,81.9,1.0,0
347.4235173578842,80.9,77.9,1.0,1
366.42588649707335,80.9,70.9,1.0,1
554.2282417479852,78.9,69.9,1.0,0
615.2105053538091,76.9,64.9,1.0,1
597.8552575198335,75.9,61.900000000000006,1.0,0
614.7531175704959,73.9,58.400000000000006,1.0,1
522.8491837052576,72.9,58.400000000000006,1.0,0
493.1139897731636,74.9,54.400000000000006,1.0,1
474.31587013988906,73.9,54.400000000000006,1.0,0
530.0330205543819,72.9,54.400000000000006,1.0,0
516.0323273584576,71.9,54.400000000000006,1.0,0
422.55509383987174,69.9,54.400000000000006,1.0,0
369.60420612163256,68.9,54.400000000000006,1.0,0
408.1101303121529,67.9,54.400000000000006,1.0,0
440.6598452389375,66.9,54.400000000000006,1.0,0
436.59649369661906,65.9,54.400000000000006,1.0,0
432.71762789078673,68.9,50.400000000000006,1.0,1
364.54710215650834,67.9,50.400000000000006,1.0,0
362.55086026301103,66.9,50.400000000000006,1.0,0
369.52761904809483,65.9,47.400000000000006,1.0,0
333.2532471836011,65.9,47.400000000000006,1.0,0
254.8398910594659,64.9,47.400000000000006,1.0,0
140.80536487172543,66.9,46.400000000000006,2.5,0
140.80536487172543,66.9,42.400000000000006,2.5,1
251.236058572254,63.400000000000006,42.400000000000006,1.0,0
102.51157009467609,59.900000000000006,39.400000000000006,2.5,0
79.4095447406973,59.900000000000006,39.400000000000006,2.5,0
68.89722066044419,67.4,26.400000000000006,2.5,1
180.90037422683662,58.400000000000006,28.400000000000006,2.5,0
87.08442859739472,55.900000000000006,25.400000000000006,2.5,0
86.50962723783009,63.400000000000006,10.900000000000006,2.5,1
177.5644125491448,51.400000000000006,13.900000000000006,2.5,0
256.15693307812813,47.400000000000006,13.900000000000006,1.0,0
256.15693307812813,47.400000000000006,13.900000000000006,1.0,0
253.11640588387684,47.400000000000006,13.900000000000006,1.0,0
270.89188967195963,46.400000000000006,13.900000000000006,1.0,0
264.8535798939463,45.400000000000006,10.900000000000006,1.0,0
243.84928242186777,45.400000000000006,10.900000000000006,1.0,0
231.20004115784636,44.400000000000006,10.900000000000006,1.0,0
240.35201832760728,43.400000000000006,7.900000000000006,1.0,0
245.0964843807373,45.400000000000006,0.9000000000000057,1.0,1
188.66306689176642,48.400000000000006,0.0,2.5,1
125.7185288054711,100.0,96.0,2.5,1
120.52501060823965,97.5,96.0,2.5,0
209.85747537833822,96.5,96.0,1.0,0
179.98519745889558,95.5,96.0,2.5,0
156.54220775209234,95.5,96.0,2.5,0
97.4696396609268,93.0,96.0,2.5,0
52.50391245327802,95.30000000000001,85.0,2.5,1
142.00339280320415,92.80000000000001,79.80000000000001,2.5,0
356.8390366669123,87.80000000000001,79.80000000000001,1.0,0
334.8242811110929,86.80000000000001,76.80000000000001,1.0,0
295.0550997806258,88.80000000000001,72.80000000000001,1.0,1
253.19333321601846,90.80000000000001,65.80000000000001,1.0,1
200.44016643701053,89.80000000000001,65.80000000000001,1.0,0
121.01646161285991,87.30000000000001,65.80000000000001,2.5,0
158.09798812679128,82.30000000000001,65.80000000000001,2.5,0
63.98307942931521,77.30000000000001,65.80000000000001,2.5,0
96.58905163685536,74.80000000000001,65.80000000000001,2.5,0
107.51681085245924,74.80000000000001,65.80000000000001,2.5,0
151.67250728871718,79.80000000000001,52.80000000000001,2.5,1
200.53694325816681,79.80000000000001,52.80000000000001,1.0,0
250.7434401236397,78.80000000000001,52.80000000000001,1.0,0
277.734974146332,77.80000000000001,52.80000000000001,1.0,0
347.9787433162284,75.80000000000001,45.80000000000001,1.0,1
378.4620388310571,75.80000000000001,45.80000000000001,1.0,0
494.7640826148559,73.80000000000001,45.80000000000001,1.0,0
470.1479890481553,72.80000000000001,45.80000000000001,1.0,0
397.5648568170003,71.80000000000001,45.80000000000001,1.0,0
465.05368563246026,70.80000000000001,45.80000000000001,1.0,0
605.0998792798796,68.80000000000001,45.80000000000001,1.0,0
644.9199838961571,67.80000000000001,45.80000000000001,1.0,0
632.8817116498768,66.80000000000001,45.80000000000001,1.0,0
637.5303209179377,65.80000000000001,42.80000000000001,1.0,0
532.4266438070856,64.80000000000001,42.80000000000001,1.0,0
528.2117809849597,63.80000000000001,42.80000000000001,1.0,0
479.1837504328561,62.80000000000001,42.80000000000001,1.0,0
407.1919276505416,65.80000000000001,37.80000000000001,1.0,1
383.1953362173387,65.80000000000001,37.80000000000001,1.0,0
335.20361753511867,67.80000000000001,32.80000000000001,1.0,1
263.2217021324357,65.80000000000001,30.80000000000001,1.0,1
191.2534019001054,64.80000000000001,29.80000000000001,2.5,1
111.33670967631566,65.80000000000001,18.80000000000001,2.5,1
60.80441492246327,62.20000000000001,10.20000000000001,2.5,1
372.8678538910511,55.20000000000001,7.20000000000001,1.0,0
283.42146227155234,53.20000000000001,7.20000000000001,1.0,0
276.0064673286007,53.20000000000001,7.20000000000001,1.0,0
213.05887817974755,56.20000000000001,2.20000000000001,1.0,1
172.95302458834382,55.20000000000001,2.20000000000001,2.5,0
142.1188055538202,58.20000000000001,0.0,2.5,1
142.1188055538202,58.20000000000001,2.20000000000001,2.5,0
277.39364747522666,98.0,97.0,1.0,0
239.59793275959274,100.0,90.0,1.0,1
191.91650958626383,99.0,87.0,2.5,0
85.79995007149039,96.5,87.0,2.5,0
53.957295589257434,104.0,74.0,2.5,1
88.88543186172254,96.60000000000002,71.60000000000002,2.5,0
185.07844285102476,91.60000000000002,71.60000000000002,2.5,0
193.72283792202592,91.60000000000002,68.60000000000002,2.5,0
143.18891850798713,89.10000000000002,68.60000000000002,2.5,0
55.325164307995735,86.60000000000002,68.60000000000002,2.5,0
65.10523458165879,84.10000000000002,68.60000000000002,2.5,0
73.11870768944576,91.60000000000002,55.60000000000002,2.5,1
54.85746286371222,95.40000000000003,40.40000000000002,2.5,1
93.39810305090676,97.40000000000003,24.40000000000002,2.5,1
317.5221961481056,92.90000000000003,20.90000000000002,1.0,0
334.7585047092352,92.90000000000003,20.90000000000002,1.0,0
344.3821245268418,91.90000000000003,20.90000000000002,1.0,0
296.60578303538887,90.90000000000003,20.90000000000002,1.0,0
187.93505239032342,92.90000000000003,15.90000000000002,2.5,1
179.93932978791773,92.90000000000003,15.90000000000002,2.5,0
115.99478568063438,93.90000000000003,5.90000000000002,2.5,1
53.179844816633185,94.30000000000004,0.0,2.5,1
268.8111947804706,100.0,89.0,1.0,1
104.25733409487803,92.0,86.0,2.5,0
173.81190579801995,89.5,86.0,2.5,0
263.7531171775167,88.5,86.0,1.0,0
270.07427394752057,96.0,73.0,1.0,1
335.6194782902791,94.0,70.0,1.0,0
345.3562823295884,93.0,70.0,1.0,0
310.15774210883745,93.0,70.0,1.0,0
223.79044697186458,92.0,70.0,1.0,0
153.56743482996148,94.0,66.0,2.5,1
145.3459880834534,91.5,66.0,2.5,0
216.3917854026712,95.5,53.0,1.0,1
209.9808842235977,95.5,53.0,1.0,0
55.11764535733584,92.0,53.0,2.5,0
64.95280271114824,91.4,52.4,2.5,0
175.32865823950866,96.4,39.4,2.5,1
200.79681808429237,93.9,39.4,1.0,0
77.18820549052874,91.4,39.4,2.5,0
66.66203625515018,84.30000000000001,40.8,2.5,0
66.23149510925519,85.30000000000001,23.799999999999997,2.5,1
60.73720083490016,85.30000000000001,23.799999999999997,2.5,0
53.17176249500257,89.70000000000002,7.699999999999996,2.5,1
50.460682150019345,94.10000000000002,0.0,2.5,1
220.13395491497704,94.0,92.0,1.0,0
167.78920300018132,93.0,92.0,2.5,0
228.15006668997097,93.0,79.0,1.0,1
290.48782690420006,93.0,79.0,1.0,0
310.2779441489271,95.0,72.0,1.0,1
502.2031143569042,93.0,71.0,1.0,0
614.1561529896444,92.0,70.0,1.0,0
611.4881127161751,94.0,62.0,1.0,1
539.5163363222572,92.0,60.0,1.0,1
475.5485973238962,94.0,55.0,1.0,1
403.59711790611954,93.0,54.0,1.0,1
331.66669827935294,95.0,49.0,1.0,1
259.7748331015314,89.0,50.0,1.0,1
187.96576570835876,88.0,49.0,2.5,1
108.47519601732667,89.0,38.0,2.5,1
60.694982724011105,85.4,29.4,2.5,1
354.852463724363,79.9,28.4,1.0,0
365.0933148299423,79.9,28.4,1.0,0
369.71686975344215,79.9,28.4,1.0,0
390.91326772952533,77.9,28.4,1.0,0
306.6766351131631,76.9,28.4,1.0,0
334.35769840177886,75.9,28.4,1.0,0
447.79482040279674,74.9,28.4,1.0,0
530.0912801430592,72.9,28.4,1.0,0
478.0307842732354,71.9,28.4,1.0,0
507.91158836204147,70.9,28.4,1.0,0
558.3040381273987,69.9,28.4,1.0,0
541.6700984305277,69.9,25.4,1.0,0
479.611061756119,68.9,25.4,1.0,0
377.93625631847755,67.9,25.4,1.0,0
248.21337670137078,66.9,25.4,1.0,0
178.21989088405098,67.4,21.4,2.5,1
119.25649289060846,67.4,21.4,2.5,0
84.052061296567,74.9,8.399999999999999,2.5,1
51.22023067504619,75.70000000000003,0.0,2.5,1
578.2621106599353,94.0,96.0,1.0,0
501.31509418848435,93.0,92.0,1.0,0
461.3326252500148,91.0,87.0,1.0,1
389.37325607445314,94.0,86.0,1.0,1
325.4244620187617,96.0,81.0,1.0,1
253.5129620081618,90.0,82.0,1.0,1
181.6715809699004,89.0,81.0,2.5,1
102.11022598068573,90.0,70.0,2.5,1
69.66833860296336,86.4,61.400000000000006,2.5,1
218.528635735039,80.9,61.400000000000006,1.0,0
212.50441376643215,80.9,61.400000000000006,1.0,0
198.9430616194884,80.9,61.400000000000006,2.5,0
103.6828874500012,78.4,61.400000000000006,2.5,0
41.90885636225692,73.20000000000002,62.800000000000004,2.5,0
175.4779533606798,64.20000000000002,64.2,2.5,0
185.1420451330927,58.70000000000002,59.7,2.5,0
178.85162179322356,66.20000000000002,46.7,2.5,1
109.14386496459983,61.20000000000002,46.7,2.5,0
331.9143185225053,52.70000000000002,47.7,1.0,0
375.87856809962176,51.70000000000002,47.7,1.0,0
378.9771283906923,51.70000000000002,47.7,1.0,0
374.9432812984777,51.70000000000002,47.7,1.0,0
334.47960660531993,50.70000000000002,47.7,1.0,0
322.5899861624749,49.70000000000002,44.7,1.0,0
349.93121853118276,45.70000000000002,44.7,1.0,0
432.0248337664391,44.70000000000002,43.7,1.0,0
447.88602763867283,42.70000000000002,35.7,1.0,1
376.62659205454133,38.70000000000002,32.7,1.0,0
369.36708571613735,37.70000000000002,32.7,1.0,0
409.6356231936031,37.70000000000002,32.7,1.0,0
574.6277070942648,34.70000000000002,29.700000000000003,1.0,0
623.6258279916098,30.700000000000017,29.700000000000003,1.0,0
656.601407924898,29.700000000000017,29.700000000000003,1.0,0
620.4118268697592,28.700000000000017,29.700000000000003,1.0,0
527.8839018364075,27.700000000000017,29.700000000000003,1.0,0
529.2877907009905,26.700000000000017,29.700000000000003,1.0,0
593.2604265843888,25.700000000000017,29.700000000000003,1.0,0
706.8970996492349,24.700000000000017,29.700000000000003,1.0,0
758.8972843670228,23.700000000000017,29.700000000000003,1.0,0
792.210500720782,21.700000000000017,26.700000000000003,1.0,0
718.7192882648599,20.700000000000017,26.700000000000003,1.0,0
706.4488736525096,19.700000000000017,26.700000000000003,1.0,0
679.4976710008683,19.700000000000017,26.700000000000003,1.0,0
600.539238788888,18.700000000000017,25.700000000000003,1.0,0
530.9143869468508,17.700000000000017,25.700000000000003,1.0,0
549.3908024548773,16.700000000000017,25.700000000000003,1.0,0
641.7681011531182,15.700000000000017,25.700000000000003,1.0,0
738.2951866793795,14.700000000000017,25.700000000000003,1.0,0
783.1126091634072,13.700000000000017,25.700000000000003,1.0,0
713.2307925004744,12.700000000000017,25.700000000000003,1.0,0
605.6268722920044,10.700000000000017,24.700000000000003,1.0,0
566.3068737418834,13.700000000000017,20.700000000000003,1.0,1
532.6104867507867,12.700000000000017,20.700000000000003,1.0,0
426.1661450732759,11.700000000000017,19.700000000000003,1.0,0
344.55209049214164,10.700000000000017,19.700000000000003,1.0,0
366.59799460332096,5.700000000000017,22.700000000000003,1.0,0
201.51329267809487,2.700000000000017,22.700000000000003,1.0,0
201.51329267809487,2.700000000000017,22.700000000000003,1.0,0
161.57536179323185,2.700000000000017,22.700000000000003,2.5,0
136.94222848808,0.20000000000001705,22.700000000000003,2.5,0
129.02596482026536,0.20000000000001705,22.700000000000003,2.5,0
157.16918297718206,0.20000000000001705,22.700000000000003,2.5,0
261.5714473274364,0.0,22.700000000000003,1.0,0
328.45539676176554,95.5,100.0,1.0,0
333.4185491545863,95.5,100.0,1.0,0
446.0592000618378,94.5,100.0,1.0,0
380.2108717502247,91.5,96.0,1.0,0
347.41190009840483,94.5,92.0,1.0,1
301.36475648115305,93.5,92.0,1.0,0
198.0829601131404,92.5,90.0,2.5,1
146.21652733420535,90.0,87.0,2.5,0
135.37314511271217,97.5,74.0,2.5,1
217.60585466760165,92.5,73.0,1.0,0
315.3881464411965,89.5,73.0,1.0,0
307.6403389318386,89.5,73.0,1.0,0
250.17987863223328,87.5,73.0,1.0,0
138.56288962809452,87.5,73.0,2.5,0
80.827248243992,88.5,59.0,2.5,1
55.20632304390515,88.5,62.0,2.5,0
65.46186319763572,92.9,48.4,2.5,1
70.69130303127416,92.9,48.4,2.5,0
304.0992635035791,81.4,50.4,1.0,0
354.87011614421044,80.4,50.4,1.0,0
412.9779646669478,78.4,50.4,1.0,0
356.46414386467933,77.4,50.4,1.0,0
314.3046546739286,77.4,50.4,1.0,0
282.78258596864833,76.4,47.4,1.0,0
256.66547558058915,75.4,47.4,1.0,0
170.17882628335312,72.9,47.4,2.5,0
116.56476245100477,80.4,34.4,2.5,1
114.44663634657182,80.4,34.4,2.5,0
191.16609698931777,74.4,34.4,2.5,0
40.161991721863366,70.70000000000002,33.199999999999996,2.5,0
43.22362943534363,69.50000000000003,33.199999999999996,2.5,0
151.56633470617516,64.50000000000003,31.999999999999993,2.5,0
203.86987334321503,63.50000000000003,28.999999999999993,1.0,0
192.9000306980228,61.00000000000003,25.999999999999993,2.5,0
180.57688099915882,61.00000000000003,22.999999999999993,2.5,0
161.63824254668629,68.50000000000003,9.999999999999993,2.5,1
121.73986057852845,63.50000000000003,9.999999999999993,2.5,0
403.7844570981933,57.50000000000003,9.999999999999993,1.0,0
403.82295357370754,57.50000000000003,9.999999999999993,1.0,0
415.4637271072782,56.50000000000003,9.999999999999993,1.0,0
342.83362919444517,52.50000000000003,9.999999999999993,1.0,0
469.6892939105663,50.50000000000003,9.999999999999993,1.0,0
557.2231022477467,52.50000000000003,5.999999999999993,1.0,1
600.8389190622676,52.50000000000003,5.999999999999993,1.0,0
736.3824059090025,50.50000000000003,5.999999999999993,1.0,0
752.2174149467843,49.50000000000003,2.999999999999993,1.0,0
645.3478423209458,48.50000000000003,1.999999999999993,1.0,0
527.1088941809992,50.50000000000003,0.9999999999999929,1.0,0
527.1088941809992,50.50000000000003,0.0,1.0,1
527.1088941809992,50.50000000000003,0.9999999999999929,1.0,0
394.9964907187663,98.0,96.0,1.0,0
465.0779222504779,96.0,92.0,1.0,0
435.8780498989731,95.0,89.0,1.0,0
429.0578560710957,94.0,87.25,1.0,0
331.6860176375477,93.0,87.25,1.0,0
181.7800481779412,93.5,87.25,2.5,0
181.7800481779412,93.5,83.25,2.5,1
87.30066077228096,101.0,70.25,2.5,1
72.00226886084579,104.80000000000001,56.05000000000001,2.5,1
216.7312773253383,101.30000000000001,56.05000000000001,1.0,0
230.87725814718416,97.30000000000001,53.05000000000001,1.0,0
221.97207727325397,96.30000000000001,53.05000000000001,1.0,0
329.8893777545657,95.30000000000001,53.05000000000001,1.0,0
396.8208894061066,93.30000000000001,50.05000000000001,1.0,0
302.96618418227536,92.30000000000001,50.05000000000001,1.0,0
206.49875459542372,91.30000000000001,50.05000000000001,1.0,0
140.5602583895316,86.30000000000001,50.05000000000001,2.5,0
143.93396918490222,83.80000000000001,50.05000000000001,2.5,0
113.55552303605066,83.80000000000001,50.05000000000001,2.5,0
71.17565404939502,83.80000000000001,50.05000000000001,2.5,0
42.73392796515631,78.60000000000002,50.85000000000001,2.5,0
74.72439256317595,83.60000000000002,37.85000000000001,2.5,1
141.38638087472359,84.60000000000002,22.85000000000001,2.5,1
50.06645550483005,85.60000000000002,12.850000000000009,2.5,1
180.0534081045815,78.50000000000003,13.250000000000009,2.5,0
231.29273884964041,70.00000000000003,16.250000000000007,1.0,0
244.28240408297506,70.00000000000003,13.250000000000007,1.0,0
228.01059115210953,72.00000000000003,9.250000000000007,1.0,1
180.6254742276915,71.00000000000003,5.250000000000007,2.5,0
147.70808716830868,74.00000000000003,1.250000000000007,2.5,1
57.4118792957357,79.00000000000003,0.0,2.5,1
87.82400204977772,102.5,83.0,2.5,1
57.480622749926916,99.4,82.4,2.5,0
157.5764319318419,94.4,78.4,2.5,0
57.27312009153399,91.9,78.4,2.5,0
109.37401083641474,88.20000000000002,76.20000000000002,2.5,0
125.06773254507908,85.70000000000002,73.20000000000002,2.5,0
122.78800756083545,93.20000000000002,60.20000000000002,2.5,1
51.61268009481753,85.50000000000003,58.000000000000014,2.5,0
95.4993698907611,90.50000000000003,45.000000000000014,2.5,1
150.26018211034693,88.00000000000003,42.000000000000014,2.5,0
76.11975608940075,81.50000000000003,38.000000000000014,2.5,0
162.64779617979562,76.00000000000003,41.000000000000014,2.5,0
249.87123427246934,69.00000000000003,38.000000000000014,1.0,0
255.2589231183789,68.00000000000003,35.500000000000014,1.0,0
231.65047384970921,68.00000000000003,35.500000000000014,1.0,0
225.49113557488658,68.00000000000003,35.500000000000014,1.0,0
196.18908390492922,67.00000000000003,32.500000000000014,2.5,0
154.29453717273324,70.00000000000003,28.500000000000014,2.5,1
62.947054020730185,75.00000000000003,15.500000000000014,2.5,1
106.92804398703099,69.40000000000003,11.900000000000015,2.5,0
136.580853032837,69.40000000000003,11.900000000000015,2.5,0
245.52012873313726,61.900000000000034,11.900000000000015,1.0,0
274.0950252851637,60.900000000000034,11.900000000000015,1.0,0
207.26242081338495,59.900000000000034,11.900000000000015,1.0,0
178.10886986243023,54.900000000000034,11.900000000000015,2.5,0
216.07194941459446,61.400000000000034,0.0,1.0,1
216.07194941459446,61.400000000000034,11.900000000000015,1.0,0
216.07194941459446,61.400000000000034,11.900000000000015,1.0,0
107.01437148617848,105.0,87.0,2.5,1
62.94456543242161,110.0,74.0,2.5,1
154.00520387400076,102.0,96.0,2.5,1
68.67167188391811,107.0,83.0,2.5,1
57.298639018074795,111.4,66.4,2.5,1
87.63614254659468,113.4,53.400000000000006,2.5,1
87.6361425465946,118.4,40.400000000000006,2.5,1
391.2189947994556,100.0,96.0,1.0,1
364.9684228278115,103.0,92.0,1.0,1
327.12034888730483,105.0,88.0,1.0,1
258.71906380052343,107.0,84.0,1.0,1
188.50520376213996,110.0,80.0,2.5,1
99.97200748316664,115.0,67.0,2.5,1
58.887320159567,81.40000000000006,59.40000000000006,2.5,1
49.82752049299463,44.20000000000005,48.800000000000054,2.5,1
504.75949085784004,97.0,96.0,1.0,1
445.7594908578399,100.0,92.0,1.0,1
373.7594908578397,102.0,88.0,1.0,1
301.75949085783947,104.0,84.0,1.0,1
237.75949085783927,107.0,80.0,1.0,1
165.7594908578393,109.0,76.0,2.5,1
85.75949085783932,114.0,63.0,2.5,1
94.99312263917417,105.0,87.0,2.5,1
234.02075394722593,104.5,83.0,1.0,1
226.7298695380498,103.5,83.0,1.0,0
205.97583707279838,106.5,79.0,1.0,1
149.38649376309522,108.5,75.0,2.5,1
71.1165797665803,113.5,62.0,2.5,1
60.95614402362713,100.70000000000002,53.2,2.5,1
54.209115412852356,0.9000000000000561,45.49999999999985,2.5,1
121.05838008602502,2.700000000000168,41.89999999999963,2.5,1
148.064902147792,7.700000000000168,28.89999999999963,2.5,1
153.52181887916285,12.700000000000168,15.899999999999629,2.5,1
119.75883553408316,17.700000000000166,2.899999999999629,2.5,1
111.73109689961865,9.700000000000166,2.899999999999629,2.5,0
100.42353312622375,17.200000000000166,0.0,2.5,1
212.37423128549068,101.0,96.0,1.0,1
173.63517529418883,104.0,92.0,2.5,1
95.66236119660739,109.0,79.0,2.5,1
158.86623338202426,108.5,66.0,2.5,1
158.86623338202426,113.5,53.0,2.5,1
158.86623338202426,111.0,53.0,2.5,0
158.86623338202426,118.5,40.0,2.5,1
122.86623338202429,123.5,27.0,2.5,1
50.86623338202437,128.5,14.0,2.5,1
36.56336015476632,95.40000000000006,3.400000000000002,2.9999999999999982,1
239.07714583309408,101.0,96.0,1.0,1
181.407474964927,101.5,92.0,2.5,1
259.4460376353992,99.0,92.0,1.0,0
331.1462011955949,100.0,88.0,1.0,1
315.6765901217636,100.0,88.0,1.0,0
280.40708855829433,102.0,84.0,1.0,1
241.335979165301,104.0,80.0,1.0,1
202.43037996602789,106.0,76.0,1.0,1
163.7608392606355,109.0,72.0,2.5,1
81.89711169484106,114.0,59.0,2.5,1
236.61003059053593,113.5,55.0,1.0,1
229.27505131817867,112.5,55.0,1.0,0
208.3345126436209,115.5,51.0,1.0,1
165.76764661759105,117.5,47.0,2.5,1
116.03925320487136,122.5,34.0,2.5,1
73.75142800215508,127.5,21.0,2.5,1
120.87493350695661,127.0,8.0,2.5,1
119.87493350695662,124.5,8.0,2.5,0
105.87493350695662,132.0,0.0,2.5,1
217.9348297498733,105.0,87.0,1.0,1
225.85579727184705,107.0,83.0,1.0,1
183.41427296415773,109.0,79.0,2.5,1
103.84965339538812,114.0,66.0,2.5,1
55.890557665907544,118.4,53.0,2.5,1
207.92373689906995,99.0,96.0,1.0,1
127.92373689907011,104.0,83.0,2.5,1
55.92373689907022,109.0,70.0,2.5,1
201.55807764026218,105.0,87.0,1.0,1
232.32899850105028,107.0,83.0,1.0,1
229.27957512068073,109.0,79.0,1.0,1
167.8947206267447,111.0,75.0,2.5,1
90.27193128102142,116.0,62.0,2.5,1
55.56362364797628,79.40000000000009,51.400000000000034,2.5,1
190.41082873454232,76.90000000000009,51.400000000000034,2.5,0
222.7214816968404,78.90000000000009,47.400000000000034,1.0,1
213.73839120992793,77.90000000000009,43.400000000000034,1.0,1
147.73839120992824,79.90000000000009,39.400000000000034,2.5,1
67.73839120992832,84.90000000000009,26.400000000000034,2.5,1
53.89937990628212,70.90000000000012,13.400000000000027,2.5,1
41.62923588886618,74.20000000000016,0.0,2.850000000000007,1
802.4241848525008,93.0,98.0,1.0,0
716.1083154945958,91.0,98.0,1.0,0
699.8864293819225,90.0,96.0,1.0,0
659.3455229052242,89.0,96.0,1.0,0
635.4189633187758,89.0,96.0,1.0,0
613.3626987836186,88.0,94.0,1.0,0
538.0897804760053,87.0,94.0,1.0,0
422.5388440971864,86.0,94.0,1.0,0
411.3197634382944,89.0,90.0,1.0,1
218.94715052659663,88.0,90.0,1.0,0
202.4779508244376,87.0,88.0,1.0,0
206.5485382201521,87.0,88.0,1.0,0
203.63358349984927,77.0,94.0,1.0,0
188.94442509791057,76.0,94.0,2.5,0
174.56394585085212,71.0,94.0,2.5,0
159.4327527923495,68.5,94.0,2.5,0
95.6696770259155,66.0,90.0,2.5,0
127.46380025456294,63.5,90.0,2.5,0
144.4740256970839,61.0,90.0,2.5,0
154.20133814858983,58.5,90.0,2.5,0
138.322101991953,56.0,88.0,2.5,0
103.78914556397916,51.0,81.0,2.5,1
109.83131284332113,48.5,79.0,2.5,0
139.51956509886875,46.0,79.0,2.5,0
153.11331221929848,43.5,79.0,2.5,0
160.7511441083642,41.0,79.0,2.5,0
166.1900545225008,38.5,79.0,2.5,0
157.5007271766827,36.0,79.0,2.5,0
130.82676260918936,31.0,70.0,2.5,1
98.6629618458878,18.5,74.0,2.5,0
122.2980368159317,16.0,74.0,2.5,0
132.39260140595226,13.5,74.0,2.5,0
138.43025416230248,11.0,74.0,2.5,0
120.46609593561723,8.5,72.0,2.5,0
50.80277543890773,95.0,91.0,2.5,1
88.31609331709912,99.4,77.4,2.5,1
60.26013981094445,104.4,64.4,2.5,1
86.122695247727,109.4,49.400000000000006,2.5,1
60.848770592248144,104.4,40.400000000000006,2.5,1
120.60032825729901,91.9,46.400000000000006,2.5,0
135.67888397782295,89.4,46.400000000000006,2.5,0
139.89683806215862,86.9,46.400000000000006,2.5,0
116.053825660246,81.9,37.400000000000006,2.5,1
97.74962230552075,69.4,41.400000000000006,2.5,0
132.73061187176256,66.9,41.400000000000006,2.5,0
146.19385681261497,64.4,41.400000000000006,2.5,0
154.60229437367428,61.900000000000006,41.400000000000006,2.5,0
136.63840837715142,59.400000000000006,39.400000000000006,2.5,0
85.84549524975793,54.400000000000006,32.400000000000006,2.5,1
119.94882350220514,51.900000000000006,30.400000000000006,2.5,0
144.20299698499093,49.400000000000006,30.400000000000006,2.5,0
156.06500374254273,46.900000000000006,30.400000000000006,2.5,0
163.72218905283418,44.400000000000006,30.400000000000006,2.5,0
168.54263865577863,41.900000000000006,30.400000000000006,2.5,0
150.8822547916889,39.400000000000006,28.400000000000006,2.5,0
116.06209773543739,34.400000000000006,21.400000000000006,2.5,1
101.72495327842664,21.900000000000006,25.400000000000006,2.5,0
123.28097415768616,19.400000000000006,25.400000000000006,2.5,0
131.7983921645769,16.900000000000006,25.400000000000006,2.5,0
136.89816562468303,14.400000000000006,25.400000000000006,2.5,0
118.02155201126855,19.400000000000006,10.400000000000006,2.5,1
68.32565822355443,14.400000000000006,3.4000000000000057,2.5,1
121.0942519578695,1.9000000000000057,7.400000000000006,2.5,0
184.72489088778804,0.0,7.400000000000006,2.5,0
124.50806710657045,105.0,85.0,2.5,1
84.96751284826664,100.0,78.0,2.5,1
153.77312898952388,97.5,76.0,2.5,0
170.4637304436472,100.0,61.0,2.5,1
119.93426582481239,87.5,65.0,2.5,0
132.8237108351958,77.5,71.0,2.5,0
135.89212910831574,75.0,71.0,2.5,0
137.55483682035356,72.5,71.0,2.5,0
138.61874872893472,70.0,71.0,2.5,0
139.3028141085079,67.5,71.0,2.5,0
124.3837316525694,65.0,69.0,2.5,0
101.38928191037215,60.0,62.0,2.5,1
95.95476651706089,47.5,66.0,2.5,0
132.7039683876155,45.0,66.0,2.5,0
146.70666592571615,42.5,66.0,2.5,0
155.45841312541458,40.0,66.0,2.5,0
136.34810289177045,45.0,51.0,2.5,1
75.71677765804355,40.0,44.0,2.5,1
125.25385339335668,37.5,42.0,2.5,0
146.36113340201288,35.0,42.0,2.5,0
157.5819927360688,32.5,42.0,2.5,0
164.86430574661483,30.0,42.0,2.5,0
169.46461223438317,27.5,42.0,2.5,0
150.72884696114713,22.5,40.0,2.5,0
107.47618750139833,20.0,33.0,2.5,1
106.9260959665742,7.5,37.0,2.5,0
124.23152245227581,5.0,37.0,2.5,0
132.05321210099245,2.5,37.0,2.5,0
192.6623388362033,0.0,37.0,2.5,0
147.90295980608622,94.0,98.0,2.5,0
124.80006545362977,101.5,85.0,2.5,1
224.28577574820594,99.0,83.0,1.0,0
235.37214382371351,99.0,83.0,1.0,0
416.04861822447316,94.0,83.0,1.0,0
468.5196696530663,95.0,77.0,1.0,1
486.52819122001387,94.0,77.0,1.0,0
524.3869571717229,83.0,83.0,1.0,0
583.429242369474,82.0,83.0,1.0,0
662.0496060355435,81.0,83.0,1.0,0
733.0632175002496,80.0,83.0,1.0,0
696.2672920936109,79.0,81.0,1.0,0
616.3984296333176,77.0,81.0,1.0,0
530.6147172764676,76.0,81.0,1.0,0
518.6631563336391,75.0,79.0,1.0,0
493.3640565779201,75.0,79.0,1.0,0
471.5103053984512,74.0,79.0,1.0,0
443.14610000274905,73.0,79.0,1.0,0
416.77433033272126,72.0,79.0,1.0,0
386.8657322002373,71.0,77.0,1.0,0
345.8379201618183,71.0,77.0,1.0,0
278.4668819575433,73.0,73.0,1.0,1
143.64556252930348,70.5,71.0,2.5,0
155.44271721780402,58.0,77.0,2.5,0
152.21233159721953,58.0,77.0,2.5,0
148.19142193600348,55.5,77.0,2.5,0
130.8183100579775,53.0,75.0,2.5,0
107.74024729649798,48.0,68.0,2.5,1
87.96686333593699,35.5,72.0,2.5,0
121.26636220593056,33.0,72.0,2.5,0
133.333819500473,30.5,72.0,2.5,0
140.54851194679821,28.0,72.0,2.5,0
144.7998991320667,25.5,72.0,2.5,0
147.71368301108336,23.0,72.0,2.5,0
87.0119983923234,8.0,74.0,2.5,0
119.7173102799411,5.5,74.0,2.5,0
133.53037012761317,3.0,74.0,2.5,0
141.7660436712266,0.5,74.0,2.5,0
171.3985861480487,0.0,74.0,2.5,0
47.69175271310059,103.80000000000001,85.80000000000001,2.5,1
221.22552656570568,105.80000000000001,70.80000000000001,1.0,1
214.42548930738772,107.80000000000001,66.80000000000001,1.0,1
215.84986283255597,105.80000000000001,66.80000000000001,1.0,0
281.84986283255597,107.80000000000001,62.80000000000001,1.0,1
309.8352562000794,109.80000000000001,56.80000000000001,1.0,1
325.5716295756878,108.80000000000001,56.80000000000001,1.0,0
370.96210855634416,97.80000000000001,62.80000000000001,1.0,0
448.29999552149104,96.80000000000001,62.80000000000001,1.0,0
547.9971587376789,95.80000000000001,62.80000000000001,1.0,0
658.2187350294764,93.80000000000001,62.80000000000001,1.0,0
723.7155682306876,92.80000000000001,62.80000000000001,1.0,0
684.5762108598279,90.80000000000001,60.80000000000001,1.0,0
695.970734469347,86.80000000000001,60.80000000000001,1.0,0
727.0043075785743,85.80000000000001,60.80000000000001,1.0,0
761.067187072076,84.80000000000001,60.80000000000001,1.0,0
811.8468225212206,83.80000000000001,60.80000000000001,1.0,0
877.099346276009,82.80000000000001,60.80000000000001,1.0,0
879.4876685101545,81.80000000000001,58.80000000000001,1.0,0
789.761209549859,80.80000000000001,58.80000000000001,1.0,0
706.1026516393058,79.80000000000001,58.80000000000001,1.0,0
639.6496753438387,77.80000000000001,58.80000000000001,1.0,0
571.1737196190502,67.80000000000001,64.80000000000001,1.0,0
530.7505896148516,66.80000000000001,64.80000000000001,1.0,0
521.1041130052386,65.80000000000001,62.80000000000001,1.0,0
499.0368670312202,64.80000000000001,62.80000000000001,1.0,0
478.6447887267174,64.80000000000001,62.80000000000001,1.0,0
456.6796454379994,63.80000000000001,60.80000000000001,1.0,0
370.52454434918087,62.80000000000001,60.80000000000001,1.0,0
325.1126145981162,65.80000000000001,56.80000000000001,1.0,1
167.07141652880847,62.30000000000001,56.80000000000001,2.5,0
164.5676229179437,62.30000000000001,54.80000000000001,2.5,0
169.04415290432487,52.30000000000001,60.80000000000001,2.5,0
160.48495637203916,49.80000000000001,60.80000000000001,2.5,0
147.5113977566364,47.30000000000001,60.80000000000001,2.5,0
128.58924204182475,42.30000000000001,51.80000000000001,2.5,1
90.48298042258524,29.80000000000001,55.80000000000001,2.5,0
125.09643860778992,27.30000000000001,55.80000000000001,2.5,0
140.93732895991766,24.80000000000001,55.80000000000001,2.5,0
149.45159148146274,22.30000000000001,55.80000000000001,2.5,0
155.32010319070648,19.80000000000001,55.80000000000001,2.5,0
158.9464300380689,17.30000000000001,55.80000000000001,2.5,0
138.74202439860295,22.30000000000001,40.80000000000001,2.5,1
87.17681531312878,9.800000000000011,44.80000000000001,2.5,0
122.40621394374052,7.300000000000011,44.80000000000001,2.5,0
141.01839803623537,4.800000000000011,44.80000000000001,2.5,0
150.27106819609565,2.3000000000000114,44.80000000000001,2.5,0
198.28266877676327,0.0,44.80000000000001,2.5,0
118.39571710469377,105.0,85.0,2.5,1
209.2355921073912,92.5,91.0,1.0,0
229.39593108287252,87.5,89.0,1.0,0
272.4967764898843,76.5,95.0,1.0,0
355.09786425347306,75.5,95.0,1.0,0
468.6816544280115,74.5,95.0,1.0,0
599.2115596326375,73.5,95.0,1.0,0
742.4166574083437,71.5,95.0,1.0,0
795.1622138817963,70.5,93.0,1.0,0
725.6272962360338,68.5,91.0,1.0,0
696.2658612078569,67.5,91.0,1.0,0
657.9143094698233,66.5,91.0,1.0,0
597.6449270543355,64.5,91.0,1.0,0
577.5889624144768,63.5,89.0,1.0,0
491.3593184494633,63.5,89.0,1.0,0
366.98362408749347,62.5,89.0,1.0,0
259.29566801284403,61.5,89.0,1.0,0
196.66083600263775,60.5,87.0,2.5,0
199.89170825723363,60.5,87.0,2.5,0
205.88614723542207,59.5,87.0,1.0,0
198.49909095756217,49.5,93.0,2.5,0
187.58542570697392,44.5,93.0,2.5,0
181.47275104239787,42.0,93.0,2.5,0
159.2813496532418,39.5,91.0,2.5,0
114.72488499669711,37.0,84.0,2.5,1
105.47912210989766,24.5,88.0,2.5,0
125.93337720315141,22.0,88.0,2.5,0
134.7423547497945,19.5,88.0,2.5,0
140.07399079317833,17.0,88.0,2.5,0
120.6678212573538,22.0,73.0,2.5,1
220.39025466749163,93.0,100.0,1.0,0
262.8918989804286,92.0,100.0,1.0,0
278.93487067732985,92.0,98.0,1.0,0
285.5375832891188,95.0,94.0,1.0,1
288.0134547333431,94.0,94.0,1.0,0
288.11820634921907,93.0,92.0,1.0,0
264.0579347783251,92.0,90.0,1.0,0
241.64649690472427,94.0,86.0,1.0,1
159.5795265337624,97.0,82.0,2.5,1
127.50285431593633,84.5,86.0,2.5,0
136.85914662598427,82.0,86.0,2.5,0
142.22895638697187,79.5,86.0,2.5,0
145.42319817558067,77.0,86.0,2.5,0
147.62150457635317,74.5,86.0,2.5,0
133.34671082982325,72.0,84.0,2.5,0
110.40112514819752,67.0,77.0,2.5,1
90.09203284489429,54.5,81.0,2.5,0
122.06331315195494,52.0,81.0,2.5,0
133.626954147353,49.5,81.0,2.5,0
140.55559024448416,47.0,81.0,2.5,0
122.24126951087138,44.5,79.0,2.5,0
79.82827477588877,39.5,72.0,2.5,1
115.60719499572879,27.0,76.0,2.5,0
138.20024160627173,24.5,76.0,2.5,0
149.80757760961288,22.0,76.0,2.5,0
157.1653885818895,19.5,76.0,2.5,0
161.9676466017236,17.0,76.0,2.5,0
143.48866165504603,14.5,74.0,2.5,0
109.12453504857397,9.5,67.0,2.5,1
281.68721873221307,97.0,100.0,1.0,0
252.33586214033764,96.0,100.0,1.0,0
236.86385240455,96.0,100.0,1.0,0
219.11728926132034,95.0,100.0,1.0,0
217.61453258842397,94.0,98.0,1.0,0
159.2442479398159,94.0,98.0,2.5,0
140.75624582137067,81.5,102.0,2.5,0
150.08393203775216,79.0,102.0,2.5,0
155.6114923845306,76.5,102.0,2.5,0
159.0320538766821,74.0,102.0,2.5,0
161.47602051879488,71.5,102.0,2.5,0
163.0206065384678,69.0,102.0,2.5,0
142.39085693529086,74.0,87.0,2.5,1
86.19858594201291,51.5,91.0,2.5,0
118.61404946350449,49.0,97.0,2.5,0
134.31566544495283,46.5,97.0,2.5,0
142.97423495532692,44.0,97.0,2.5,0
139.87742786341016,41.5,97.0,2.5,0
115.8699047131149,36.5,88.0,2.5,1
92.6446813882858,24.0,92.0,2.5,0
125.15414874528085,21.5,92.0,2.5,0
138.02531737280262,19.0,92.0,2.5,0
145.8470090034192,16.5,92.0,2.5,0
150.77850049023078,14.0,92.0,2.5,0
153.7926641092935,11.5,92.0,2.5,0
131.16400853362197,7.5,83.0,2.5,1
171.30420525054708,95.0,100.0,2.5,0
154.42922756438085,92.5,98.0,2.5,0
117.25206908349772,80.0,96.0,2.5,0
130.4364798862376,80.0,102.0,2.5,0
137.01612669257764,77.5,102.0,2.5,0
140.56815726142912,75.0,102.0,2.5,0
128.6629876453147,72.5,100.0,2.5,0
105.82038343760361,67.5,93.0,2.5,1
97.27023247774241,55.0,97.0,2.5,0
131.5998850708415,52.5,97.0,2.5,0
144.55130347539176,50.0,97.0,2.5,0
152.60346186827738,47.5,97.0,2.5,0
157.52127919466352,45.0,97.0,2.5,0
152.9598767141599,42.5,97.0,2.5,0
128.91331366782234,37.5,88.0,2.5,1
95.59800647998591,25.0,92.0,2.5,0
127.86022578824065,22.5,92.0,2.5,0
142.52151443055934,20.0,92.0,2.5,0
150.88233481802777,17.5,92.0,2.5,0
133.68428688071515,15.0,90.0,2.5,0
99.54390925742774,10.0,83.0,2.5,1
339.675513146801,97.0,100.0,1.0,0
308.27230959657464,97.0,100.0,1.0,0
287.53465451485346,99.0,94.0,1.0,1
270.51892456982165,98.0,94.0,1.0,0
274.3462704453642,97.0,92.0,1.0,0
255.35403914021293,86.0,96.0,1.0,0
222.13336365678683,88.0,92.0,1.0,1
125.14512280928864,85.5,90.0,2.5,0
144.23344325845326,75.5,96.0,2.5,0
149.203020109291,73.0,96.0,2.5,0
152.00714666841026,70.5,96.0,2.5,0
142.05367754181853,68.0,96.0,2.5,0
121.8164339734949,63.0,87.0,2.5,1
95.84165473552035,50.5,91.0,2.5,0
136.47083611084872,48.0,91.0,2.5,0
151.76583906391406,45.5,91.0,2.5,0
161.45871648255948,43.0,91.0,2.5,0
167.83240818905514,40.5,91.0,2.5,0
171.8936992844963,38.0,91.0,2.5,0
145.3231311369183,33.0,76.0,2.5,1
104.02182075662627,30.5,80.0,2.5,0
133.51892312180865,18.0,86.0,2.5,0
150.7186633523552,15.5,86.0,2.5,0
160.76212861184237,13.0,86.0,2.5,0
145.41528512069095,10.5,84.0,2.5,0
354.8783035829486,98.0,91.0,1.0,1
316.80277020667245,90.0,93.0,1.0,0
224.59575799334993,86.0,86.0,1.0,1
203.400073067494,86.0,89.0,1.0,0
188.83049056261552,85.0,88.0,2.5,1
52.78917255286622,87.5,70.0,2.5,1
40.446158193484656,81.55000000000001,68.80000000000001,2.5,0
59.584586291039784,82.95000000000005,49.700000000000045,2.5,1
51.751736088662355,74.95000000000005,41.700000000000045,2.5,1
36.35129098826468,30.749999999999957,0.0,3.0999999999999925,1
219.36112497922153,82.5,103.0,1.0,1
205.77769654173534,81.5,102.0,1.0,0
152.2010995860792,79.0,99.5,2.5,0
127.80792253405284,76.5,97.0,2.5,0
107.42595137911349,74.0,94.5,2.5,0
125.12307458200353,71.5,92.0,2.5,0
97.99062127232342,69.0,89.5,2.5,0
124.74643176570288,66.5,87.0,2.5,0
97.94817595244984,64.0,84.5,2.5,0
124.74126800409437,61.5,82.0,2.5,0
97.94760051874637,59.0,79.5,2.5,0
124.74119808995691,56.5,77.0,2.5,0
97.94759272893465,54.0,74.5,2.5,0
124.74119714352577,51.5,72.0,2.5,0
97.94759262348396,49.0,69.5,2.5,0
124.74119713071411,46.5,67.0,2.5,0
97.94759262205595,44.0,64.5,2.5,0
124.74119713054014,41.5,62.0,2.5,0
97.94759262203691,39.0,59.5,2.5,0
124.74119713053815,36.5,57.0,2.5,0
97.94759262203628,34.0,54.5,2.5,0
124.74119713053817,31.5,52.0,2.5,0
97.94759262203652,29.0,49.5,2.5,0
124.74119713053834,26.5,47.0,2.5,0
97.94759262203667,24.0,44.5,2.5,0
124.74119713053838,21.5,42.0,2.5,0
97.94759262203661,19.0,39.5,2.5,0
124.74119713053834,16.5,37.0,2.5,0
97.94759262203661,14.0,34.5,2.5,0
124.74119713053834,11.5,32.0,2.5,0
97.94759262203661,9.0,29.5,2.5,0
124.74119713053834,6.5,27.0,2.5,0
97.94759262203661,4.0,24.5,2.5,0
124.74119713053834,1.5,22.0,2.5,0
105.59502188960347,0.0,19.5,2.5,0
93.13180009815517,103.80000000000001,83.30000000000001,2.5,1
109.46942191813726,98.80000000000001,80.80000000000001,2.5,0
120.86584580874046,96.30000000000001,75.80000000000001,2.5,0
130.56571982681947,93.80000000000001,73.30000000000001,2.5,0
120.938807276764,91.30000000000001,70.80000000000001,2.5,0
130.57421520303103,88.80000000000001,68.30000000000001,2.5,0
120.93979251822357,86.30000000000001,65.80000000000001,2.5,0
130.57433017207134,83.80000000000001,63.30000000000001,2.5,0
120.93980585500894,81.30000000000001,60.80000000000001,2.5,0
130.57433172840314,78.80000000000001,58.30000000000001,2.5,0
120.93980603554904,76.30000000000001,55.80000000000001,2.5,0
130.57433174947116,73.80000000000001,53.30000000000001,2.5,0
120.9398060379929,71.30000000000001,50.80000000000001,2.5,0
130.57433174975637,68.80000000000001,48.30000000000001,2.5,0
120.93980603802576,66.30000000000001,45.80000000000001,2.5,0
130.5743317497601,63.80000000000001,43.30000000000001,2.5,0
120.93980603802629,61.30000000000001,40.80000000000001,2.5,0
130.5743317497602,58.80000000000001,38.30000000000001,2.5,0
120.93980603802635,56.30000000000001,35.80000000000001,2.5,0
130.5743317497603,53.80000000000001,33.30000000000001,2.5,0
120.93980603802636,51.30000000000001,30.80000000000001,2.5,0
130.5743317497603,48.80000000000001,28.30000000000001,2.5,0
120.93980603802636,46.30000000000001,25.80000000000001,2.5,0
130.5743317497603,43.80000000000001,23.30000000000001,2.5,0
120.93980603802636,41.30000000000001,20.80000000000001,2.5,0
130.5743317497603,38.80000000000001,18.30000000000001,2.5,0
120.93980603802636,36.30000000000001,15.800000000000011,2.5,0
130.5743317497603,33.80000000000001,13.300000000000011,2.5,0
120.93980603802636,31.30000000000001,10.800000000000011,2.5,0
130.5743317497603,28.80000000000001,8.300000000000011,2.5,0
120.93980603802636,26.30000000000001,5.800000000000011,2.5,0
130.5743317497603,23.80000000000001,3.3000000000000114,2.5,0
120.93980603802636,21.30000000000001,0.8000000000000114,2.5,0
126.69929459557588,18.80000000000001,0.0,2.5,0
80.01127612796633,23.80000000000001,0.0,2.5,1
80.01127612796633,23.80000000000001,0.0,2.5,0
291.29691900417913,94.0,97.0,1.0,0
275.5139657928877,96.0,92.0,1.0,1
254.9940804559601,94.0,94.0,1.0,0
254.9940804559601,94.0,90.0,1.0,1
237.7868321462284,93.0,89.0,1.0,1
216.22057684261702,91.0,87.0,1.0,1
194.20924453460577,89.0,85.0,2.5,1
166.40065430177341,90.0,72.5,2.5,1
133.75356083393658,69.0,72.0,2.5,1
75.96541414043958,71.0,56.5,2.5,1
51.82720497728876,63.0,48.5,2.5,1
52.495529864568056,54.4,39.9,2.5,1
50.06904824451517,58.199999999999996,20.449999999999996,2.5,1
133.99730856445888,18.699999999999996,24.949999999999996,2.5,1
70.61430318244143,23.699999999999996,9.449999999999996,2.5,1
37.061180079260396,27.12499999999999,0.0,2.162499999999999,1
37.061180079260396,27.12499999999999,8.249999999999996,2.162499999999999,0
98.003161313933,97.5,97.5,2.5,0
55.04032485070174,95.0,92.5,2.5,0
123.718174730253,87.5,87.5,2.5,0
104.9457192482585,87.5,87.5,2.5,0
107.59971749390105,85.0,87.5,2.5,0
110.17678346231868,82.5,82.5,2.5,0
110.0884981878106,80.0,82.5,2.5,0
110.48654126948759,77.5,77.5,2.5,0
118.08520840962031,75.0,75.0,2.5,0
110.50730090646866,72.5,72.5,2.5,0
118.09339168844483,70.0,70.0,2.5,0
110.50870025753973,67.5,67.5,2.5,0
118.09394341205933,65.0,65.0,2.5,0
110.50879462050119,62.5,62.5,2.5,0
118.09398061714671,60.0,60.0,2.5,0
110.50880098387974,57.5,57.5,2.5,0
118.09398312607881,55.0,55.0,2.5,0
110.5088014129953,52.5,52.5,2.5,0
118.09398329526914,50.0,50.0,2.5,0
110.50880144193309,47.5,47.5,2.5,0
118.09398330667909,45.0,45.0,2.5,0
110.50880144388478,42.5,42.5,2.5,0
118.09398330744824,40.0,40.0,2.5,0
110.50880144401631,37.5,37.5,2.5,0
118.09398330750028,35.0,35.0,2.5,0
110.50880144402504,32.5,32.5,2.5,0
118.09398330750346,30.0,30.0,2.5,0
110.5088014440258,27.5,27.5,2.5,0
118.09398330750429,25.0,25.0,2.5,0
110.50880144402643,22.5,22.5,2.5,0
118.093983307504,20.0,20.0,2.5,0
110.50880144402589,17.5,17.5,2.5,0
118.09398330750379,15.0,15.0,2.5,0
110.50880144402592,12.5,12.5,2.5,0
118.09398330750417,10.0,10.0,2.5,0
110.50880144402608,7.5,7.5,2.5,0
118.09398330750444,5.0,5.0,2.5,0
110.50880144402592,2.5,2.5,2.5,0
116.67956727903966,0.0,0.0,2.5,0
123.93553083396073,0.0,0.0,2.5,0
63.085479927381876,104.4,83.9,2.5,1
78.6789580568443,93.4,75.9,2.5,1
120.28330749531176,69.9,72.9,2.5,1
53.809092964876996,74.9,57.400000000000006,2.5,1
119.63206332765823,72.4,57.400000000000006,2.5,0
133.60438390067708,79.9,41.900000000000006,2.5,1
87.96278209505006,84.9,26.400000000000006,2.5,1
36.891253051032706,55.100000000000044,0.0,2.874999999999992,1
37.321657513319174,9.0,0.6000000000002288,2.0000000000000577,1
134.53381803434132,105.0,84.5,2.5,1
128.89909097350176,87.0,87.0,2.5,0
116.8218329443748,84.5,84.5,2.5,0
128.5334525596434,82.0,82.0,2.5,0
116.73716981901583,79.5,79.5,2.5,0
128.52844159925496,77.0,77.0,2.5,0
116.73601641193305,74.5,74.5,2.5,0
128.52837375431616,72.0,72.0,2.5,0
116.73600079687488,69.5,69.5,2.5,0
128.52837283589562,67.0,67.0,2.5,0
116.73600058549258,64.5,64.5,2.5,0
128.52837282346331,62.0,62.0,2.5,0
116.73600058263149,59.5,59.5,2.5,0
128.52837282329426,57.0,57.0,2.5,0
116.73600058259238,54.5,54.5,2.5,0
128.52837282329284,52.0,52.0,2.5,0
116.73600058259198,49.5,49.5,2.5,0
128.52837282329278,47.0,47.0,2.5,0
116.73600058259215,44.5,44.5,2.5,0
128.52837282329295,42.0,42.0,2.5,0
116.73600058259208,39.5,39.5,2.5,0
128.5283728232923,37.0,37.0,2.5,0
116.73600058259198,34.5,34.5,2.5,0
128.52837282329216,32.0,32.0,2.5,0
116.73600058259186,29.5,29.5,2.5,0
128.5283728232921,27.0,27.0,2.5,0
116.73600058259181,24.5,24.5,2.5,0
128.5283728232921,22.0,22.0,2.5,0
116.73600058259181,19.5,19.5,2.5,0
128.5283728232921,17.0,17.0,2.5,0
116.73600058259181,14.5,14.5,2.5,0
128.5283728232921,12.0,12.0,2.5,0
116.73600058259181,9.5,9.5,2.5,0
128.5283728232921,7.0,7.0,2.5,0
116.73600058259181,4.5,4.5,2.5,0
128.5283728232921,2.0,2.0,2.5,0
114.94089715892864,0.0,0.0,2.5,0
123.09958621928405,0.0,0.0,2.5,0
248.58442142004776,98.0,98.0,1.0,0
189.9357586986402,97.0,97.0,2.5,0
176.33466121953617,94.5,94.5,2.5,0
125.40179794379355,89.5,89.5,2.5,0
109.32610679531058,89.5,89.5,2.5,0
98.57878535371799,87.0,87.0,2.5,0
116.3406111495444,84.5,84.5,2.5,0
97.956320850536,82.0,82.0,2.5,0
120.94086502171514,79.5,79.5,2.5,0
97.94771081121559,77.0,77.0,2.5,0
120.93982037400677,74.5,74.5,2.5,0
97.947594221972,72.0,72.0,2.5,0
120.93980623209302,69.5,69.5,2.5,0
97.94759264369453,67.0,67.0,2.5,0
120.9398060406535,64.5,64.5,2.5,0
97.9475926223295,62.0,62.0,2.5,0
120.93980603806207,59.5,59.5,2.5,0
97.94759262204037,57.0,57.0,2.5,0
120.93980603802679,54.5,54.5,2.5,0
97.94759262203682,52.0,52.0,2.5,0
120.93980603802652,49.5,49.5,2.5,0
97.94759262203696,47.0,47.0,2.5,0
120.93980603802633,44.5,44.5,2.5,0
97.94759262203637,42.0,42.0,2.5,0
120.93980603802656,39.5,39.5,2.5,0
97.9475926220366,37.0,37.0,2.5,0
120.9398060380266,34.5,34.5,2.5,0
97.94759262203658,32.0,32.0,2.5,0
120.9398060380266,29.5,29.5,2.5,0
97.94759262203647,27.0,27.0,2.5,0
120.9398060380266,24.5,24.5,2.5,0
97.94759262203647,22.0,22.0,2.5,0
120.9398060380266,19.5,19.5,2.5,0
97.94759262203647,17.0,17.0,2.5,0
120.9398060380266,14.5,14.5,2.5,0
97.94759262203647,12.0,12.0,2.5,0
120.9398060380266,9.5,9.5,2.5,0
97.94759262203647,7.0,7.0,2.5,0
120.9398060380266,4.5,4.5,2.5,0
97.94759262203647,2.0,2.0,2.5,0
123.09958621928463,0.0,0.0,2.5,0
123.09958621928463,0.0,0.0,2.5,0
145.66572222133868,79.0,102.5,2.5,0
153.9948678543985,63.5,107.5,2.5,0
147.39707281823286,58.0,94.5,2.5,1
119.35593705170776,50.0,94.0,2.5,1
89.13758840040143,42.0,78.5,2.5,1
75.32149798745864,33.5,78.0,2.5,1
65.97660982853506,25.5,62.5,2.5,1
118.93147175922459,30.5,54.5,2.5,1
141.28277123999789,35.5,39.0,2.5,1
120.4079643610212,3.0,39.5,2.5,1
